Date,Bitcoin,EWJ,FDN,GLD,IWM,IWY,ROBO,SPY,DIA,TLT,UNG,USO,VGT,XLE,XLK,XLU,XLY
5/1/17,1402.0838,52.060001,93.230003,119.669998,139.860001,63.310001,33.349998,238.679993,208.919998,121.080002,29.879999,10.15,140.039993,67.650002,54.790001,51.389999,90.18
5/2/17,1443.6825,52.220001,93.989998,119.650002,139.149994,63.439999,33.41,238.770004,209.130005,121.699997,29.440001,9.92,140.320007,67.309998,54.91,51.450001,90.279999
5/3/17,1491.9988,52.349998,93.589996,117.980003,138.289993,63.169998,33.349998,238.479996,209.220001,121.779999,29.719999,9.93,140.070007,67.5,54.810001,51.27,89.75
5/4/17,1515.6288,52.48,93.68,116.790001,138.100006,63.360001,33.389999,238.759995,209.190002,121.18,29.559999,9.46,140.270004,66.260002,54.77,51.450001,89.610001
5/5/17,1512.2088,52.77,94.050003,117.010002,138.990005,63.57,33.610001,239.699997,209.770004,121.290001,30.16,9.66,140.919998,67.309998,54.970001,51.73,90.169998
5/8/17,1639.3225,52.790001,93.93,116.75,138.410004,63.630001,33.650002,239.660004,209.919998,120.629997,29.4,9.67,141.389999,67.790001,55.209999,51.709999,90.339996
5/9/17,1706.9313,52.619999,94,116.050003,138.350006,63.669998,33.720001,239.440002,209.619995,120.620003,29.76,9.57,141.690002,67.230003,55.279999,51.330002,90.860001
5/10/17,1756.8025,52.380001,94.309998,116.040001,139.210007,63.610001,33.93,239.869995,209.479996,120.480003,30.280001,9.86,142.240005,68.120003,55.490002,51.41,90.550003
5/11/17,1807.3725,52.240002,93.93,116.5,138.240005,63.57,33.950001,239.380005,209.279999,120.480003,31.08,9.94,142.050003,67.980003,55.419998,51.48,90.010002
5/12/17,1676.9938,52.369999,94.010002,116.830002,137.509995,63.619999,34.02,238.979996,209.009995,121.389999,31.52,9.95,142.440002,67.75,55.560001,51.73,89.879997
5/15/17,1697.3788,52.52,94.57,117.139999,138.580002,63.740002,34.330002,240.300003,209.929993,121.059998,31.040001,10.17,143.399994,68.279999,55.869999,51.950001,89.900002
5/16/17,1718.2013,52.560001,95.050003,117.650002,138.630005,63.82,34.490002,240.080002,209.949997,121.510002,29.879999,10.11,144.199997,67.940002,56.130001,51.57,89.589996
5/17/17,1802.1638,52.48,91.82,119.790001,134.889999,62.610001,33.849998,235.820007,206.470001,123.279999,29.719999,10.19,140.050003,67.269997,54.599998,51.700001,88.139999
5/18/17,1887.3263,52.619999,92.5,118.809998,135.380005,63.099998,33.955002,236.770004,206.960007,123.419998,29.639999,10.26,140.729996,67.25,54.919998,51.880001,88.650002
5/19/17,1968.1025,53.049999,92.940002,119.400002,136.029999,63.299999,34.369999,238.309998,207.770004,123.709999,30.200001,10.48,141.529999,68.080002,55.240002,52.080002,89.25
5/22/17,2139.0275,53.02,93.540001,119.900002,136.949997,63.66,34.720001,239.520004,208.649994,123.370003,30.799999,10.54,142.979996,67.93,55.68,52.529999,89.699997
5/23/17,2291.4775,53.09,93.559998,119.139999,137.399994,63.759998,34.68,240.050003,209.119995,122.540001,29.959999,10.64,143.100006,68.089996,55.779999,52.669998,89.360001
5/24/17,2476.2963,53.009998,94.07,119.610001,137.490005,64.099998,34.619999,240.610001,209.820007,123.230003,29.719999,10.6,143.800003,67.730003,56.009998,52.970001,89.68
5/25/17,2357.5038,53.150002,95.050003,119.480003,137.580002,64.559998,34.75,241.759995,210.580002,123.269997,29.6,10.04,144.960007,66.5,56.41,53.400002,90.470001
5/26/17,2247.4825,53.18,95.18,120.540001,137.539993,64.610001,34.700001,241.710007,210.539993,123.480003,29.76,10.28,144.960007,66.610001,56.380001,53.400002,90.739998
5/30/17,2197.2338,53.290001,94.949997,120.139999,136.460007,64.669998,34.66,241.5,210.210007,124.089996,28.440001,10.24,145.320007,65.720001,56.619999,53.57,90.809998
5/31/17,2330.2338,53.290001,94.690002,120.620003,136.320007,64.690002,34.580002,241.440002,210,124.400002,27.68,9.96,144.919998,65.440002,56.529999,53.84,91.050003
6/1/17,2452.1813,53.77,95.889999,120.720001,138.949997,65.07,34.990002,243.360001,211.399994,124.150002,27.48,9.91,145.630005,65.849998,56.669998,54.220001,91.910004
6/2/17,2517.4088,54.900002,96.540001,121.610001,139.850006,65.57,35.43,244.169998,211.910004,125.620003,27.08,9.86,146.960007,65.089996,57.189999,54.279999,92.239998
6/5/17,2736.595,54.689999,96.809998,121.730003,138.979996,65.529999,35.5,243.990005,211.860001,124.839996,26.92,9.8,147.119995,65.209999,57.240002,54.110001,91.989998
6/6/17,2914.0825,54.73,96.269997,123.099998,138.850006,65.349998,35.369999,243.210007,211.369995,125.519997,27.440001,9.97,146.880005,65.980003,57.130001,53.990002,91.199997
6/7/17,2694.2188,54.709999,96.230003,122.449997,138.979996,65.580002,35.347,243.660004,211.720001,124.919998,27.16,9.46,147.199997,65.050003,57.310001,54.169998,91.360001
6/8/17,2825.0313,54.580002,97.519997,121.650002,140.880005,65.419998,35.465,243.779999,211.860001,124.589996,27.280001,9.43,147.789993,64.860001,57.439999,53.720001,90.769997
6/9/17,2826.7,54.09,94.639999,120.540001,141.610001,64.739998,35,243.410004,212.669998,124.400002,27.440001,9.49,143.690002,66.419998,56.02,53.669998,90.370003
6/12/17,2682.595,54.259998,93.809998,120.360001,141.380005,64.410004,34.630001,243.360001,212.399994,124.360001,27.08,9.52,142.600006,66.889999,55.689999,53.57,90.32
6/13/17,2738.9313,54.560001,94.589996,120.480003,142.100006,64.910004,34.84,244.550003,213.369995,124.379997,26.719999,9.6,143.839996,67.389999,56.09,53.700001,90.879997
6/14/17,2494.485,54.529999,94.279999,119.82,141.259995,64.940002,34.740002,244.240005,213.839996,126.300003,26.48,9.23,143.009995,66.169998,55.82,53.990002,90.830002
6/15/17,2456.9238,54,93.910004,119.32,140.539993,64.720001,34.389999,243.770004,213.690002,126.099998,27.440001,9.18,142.339996,65.669998,55.57,54.299999,90.449997
6/16/17,2528.1025,54.220001,94.080002,119.339996,140.190002,64.639999,34.560001,242.639999,213.559998,126.349998,27.32,9.24,142.110001,66.300003,55.25,54.110001,90.150002
6/19/17,2641.665,54.389999,95.349998,118.43,141.229996,65.339996,35,244.660004,214.919998,126.169998,26.120001,9.12,144.399994,65.879997,56.07,53.93,90.839996
6/20/17,2778.8275,54.060001,94.470001,118.18,139.800003,65.010002,34.810001,243.009995,214.399994,127.300003,26.120001,8.95,143.199997,65.040001,55.619999,53.959999,89.699997
6/21/17,2712.1575,53.98,95.419998,118.519997,139.449997,65.32,34.810001,242.949997,213.889999,127.559998,26.08,8.71,144.169998,63.990002,55.93,53.639999,89.839996
6/22/17,2740.79,54.09,95.830002,118.919998,139.979996,65.290001,34.84,242.839996,213.729996,127.839996,26.08,8.78,144.389999,63.950001,55.950001,53.389999,89.629997
6/23/17,2738.225,54.049999,96.879997,119.43,140.910004,65.459999,34.880001,243.130005,213.740005,127.779999,26.4,8.86,145.339996,64.379997,56.299999,53.209999,89.519997
6/26/17,2485.3588,53.900002,96.099998,118.360001,141.080002,65.279999,34.799999,243.289993,213.869995,128.259995,27.360001,8.93,144.559998,64.239998,56,53.57,89.839996
6/27/17,2593.17,53.77,94.529999,118.809998,139.839996,64.510002,34.509998,241.330002,212.929993,126.889999,27.360001,9.1,142.130005,64.139999,55.080002,52.970001,89.129997
6/28/17,2584.5638,54.009998,96.129997,118.900002,141.979996,65.139999,34.689999,243.490005,214.240005,126.470001,27.559999,9.2,143.570007,64.489998,55.77,52.459999,90.029999
6/29/17,2561.5613,53.470001,94.599998,118.32,141.139999,64.260002,34.25,241.350006,212.610001,125.410004,27.280001,9.21,141.029999,64.629997,54.77,52.040001,89.160004
6/30/17,2499.9838,53.650002,94.739998,118.019997,140.919998,64.480003,34.279999,241.800003,213.240005,125.120003,27.120001,9.5,140.839996,64.919998,54.720001,51.959999,89.629997
7/3/17,2581.0663,53.389999,93.860001,116.089996,142.100006,64.129997,34.110001,242.210007,214.490005,124.459999,26.639999,9.62,139.699997,66.169998,54.34,51.720001,89.540001
7/5/17,2629.2725,53.400002,94.830002,116.519997,141.589996,64.5,34.150002,242.770004,214.580002,124.489998,25.52,9.25,141.139999,64.830002,54.880001,51.470001,89.32
7/6/17,2619.1125,53.009998,93.669998,116.470001,139.139999,63.75,33.82,240.550003,213.139999,123.459999,25.799999,9.31,139.869995,64.110001,54.380001,51.450001,88.410004
7/7/17,2521.2363,52.98,94.919998,115.279999,140.490005,64.290001,34.150002,242.110001,214.050003,122.720001,25.559999,9.1,141.699997,64.010002,55.009998,51.490002,89.199997
7/10/17,2371.96,52.84,95.900002,115.470001,139.880005,64.639999,34.369999,242.369995,213.990005,122.900002,26.08,9.13,142.729996,64.220001,55.41,51.450001,89.389999
7/11/17,2332.1875,53.200001,96.349998,115.620003,140.289993,64.650002,34.610001,242.190002,213.979996,123.110001,27.120001,9.27,143.279999,64.57,55.529999,51.419998,89.209999
7/12/17,2423.16,53.57,98.110001,116.029999,141.369995,65.300003,35.009998,244.009995,215.229996,123.959999,26.799999,9.33,145.240005,64.75,56.25,51.860001,89.889999
7/13/17,2364.5163,53.5,98.120003,115.82,141.490005,65.370003,35.02,244.419998,215.460007,123.18,26.52,9.47,145.589996,65.010002,56.360001,51.68,89.900002
7/14/17,2232.655,53.630001,98.669998,116.769997,141.729996,65.779999,35.360001,245.559998,216.259995,123.330002,26.639999,9.59,146.779999,65.400002,56.860001,51.919998,90.190002
7/17/17,2244.265,53.560001,98.870003,117.290001,142.059998,65.790001,35.290001,245.529999,216.220001,123.669998,27.040001,9.45,146.869995,65.32,56.869999,52.16,90.410004
7/18/17,2327.8975,53.84,100.400002,118.110001,141.690002,66.059998,35.369999,245.660004,215.699997,124.75,27.48,9.54,147.570007,65.010002,57.130001,52.310001,90.82
7/19/17,2294.405,54.060001,100.970001,118.080002,143.100006,66.419998,35.700001,246.990005,216.320007,124.800003,27.48,9.69,148.460007,65.959999,57.419998,52.529999,91.260002
7/20/17,2877.3863,54.259998,100.690002,118.239998,143.199997,66.459999,35.689999,247.100006,216.190002,125.160004,27.16,9.61,148.600006,65.760002,57.540001,52.91,91.07
7/21/17,2694.2913,54.360001,100.559998,119.260002,142.550003,66.470001,35.779999,246.880005,215.529999,125.690002,26.48,9.34,148.279999,65.110001,57.470001,53.290001,91.129997
7/24/17,2779.0438,54.25,101.110001,119.309998,142.75,66.57,35.924999,246.820007,215.089996,125.199997,25.879999,9.5,148.869995,64.989998,57.610001,52.790001,90.82
7/25/17,2591.2163,54.060001,101.260002,118.919998,144.050003,66.540001,35.98,247.419998,215.860001,123.57,26.32,9.81,148.690002,65.809998,57.5,52.490002,91.459999
7/26/17,2550.18,54.240002,101,119.879997,143.25,66.68,36.080002,247.429993,216.809998,123.769997,26.200001,9.96,148.960007,65.879997,57.720001,52.990002,91.419998
7/27/17,2697.4725,54.419998,100.160004,119.790001,142.339996,66.480003,36.220001,247.199997,217.720001,123.160004,26.559999,10.06,147.610001,66.550003,57.5,53.119999,92.089996
7/28/17,2805.1788,54.580002,100.120003,120.690002,141.960007,66.260002,36.18,246.910004,218.020004,123.889999,26.440001,10.17,147.399994,66.470001,57.439999,53.040001,91.389999
7/31/17,2873.8325,54.759998,98.870003,120.75,141.509995,66.050003,36.279999,246.770004,218.699997,124.040001,25.280001,10.28,146.660004,66.620003,57.16,53.220001,91.360001
8/1/17,2735.5875,55.080002,98.989998,120.650002,141.779999,66.220001,36.450001,247.320007,219.369995,124.639999,25.32,10.09,147.440002,66.610001,57.450001,53.52,91.519997
8/2/17,2723.58,55.049999,98.199997,120.400002,140.229996,66.419998,36.439999,247.440002,219.889999,124.709999,25.200001,10.14,147.639999,66.360001,57.610001,53.75,91.269997
8/3/17,2814.3613,55.189999,98.360001,120.589996,139.529999,66.339996,36.09,246.960007,220.059998,126,25.120001,10.02,147.229996,65.43,57.48,54.02,91.019997
8/4/17,2883.6813,55.139999,99.07,119.650002,140.210007,66.379997,36.09,247.410004,220.570007,124.93,25,10.13,147.440002,65.639999,57.610001,53.779999,91.029999
8/7/17,3431.9688,55.119999,99.690002,119.510002,140.440002,66.68,36.349998,247.869995,220.850006,125.07,25.200001,10.1,148.339996,65.139999,57.959999,53.950001,91.239998
8/8/17,3453.1625,55.060001,99.330002,119.860001,140,66.599998,36.23,247.259995,220.690002,124.620003,25.24,10.06,148.149994,64.989998,57.880001,54.169998,91.290001
8/9/17,3377.5438,54.720001,98.919998,121.309998,138.789993,66.669998,36.099998,247.25,220.5,125.300003,25.84,10.15,148.009995,65.050003,57.849998,53.889999,90.760002
8/10/17,3445.28,54.150002,96.199997,122.209999,136.270004,65.529999,35.400002,243.759995,218.600006,126.370003,26.76,9.91,144.860001,64.360001,56.709999,54.060001,89.400002
8/11/17,3679.6075,54.07,97.07,122.790001,136.470001,65.900002,35.509998,244.119995,218.699997,126.43,26.76,9.99,146,63.939999,57.099998,53.740002,89.860001
8/14/17,4382.7413,54.470001,98.32,121.919998,138.539993,66.669998,35.880001,246.539993,219.970001,125.779999,26.6,9.72,148.360001,63.75,58.009998,54.049999,90.5
8/15/17,4204.43,54.400002,98.059998,120.980003,137.399994,66.669998,35.860001,246.509995,220.160004,125.25,26.32,9.75,148.649994,63.509998,58.099998,54.349998,89.669998
8/16/17,4425.2963,54.580002,98.589996,121.870003,137.440002,66.82,35.993999,246.940002,220.470001,125.709999,25.959999,9.57,149.160004,62.900002,58.27,54.57,90.129997
8/17/17,4316.34,54.209999,96.790001,122.489998,134.929993,65.760002,35.73,243.089996,217.809998,126.650002,26.200001,9.62,146.199997,62.009998,57.130001,54.18,88.690002
8/18/17,4159.4575,54.450001,96.959999,122.300003,134.919998,65.620003,35.68,242.710007,216.529999,126.620003,26.040001,9.97,146.160004,62.32,57.07,54.5,88.25
8/21/17,4054.9425,54.330002,96.940002,122.760002,134.830002,65.739998,35.580002,242.899994,216.740005,126.93,26.559999,9.71,145.990005,62,57.049999,54.700001,88.410004
8/22/17,4137.6725,54.439999,98.540001,122.209999,136.289993,66.540001,36.080002,245.440002,218.690002,126.440002,26.360001,9.77,148.139999,62.41,57.900002,54.82,89.360001
8/23/17,4191.2175,54.459999,98.32,122.669998,136.070007,66.25,36.119999,244.559998,217.919998,127.300003,26.280001,9.88,147.869995,62.68,57.759998,55,88.599998
8/24/17,4362.475,54.18,98.510002,122.290001,136.490005,66.129997,36,243.990005,217.660004,126.830002,26.48,9.71,147.850006,62.720001,57.709999,54.959999,88.410004
8/25/17,4408.3238,54.360001,97.529999,122.739998,136.880005,66.07,36.099998,244.559998,218.039993,127.32,25.959999,9.75,147.75,63,57.700001,55.139999,88.629997
8/28/17,4439.6588,54.419998,97.720001,124.690002,137.460007,66.239998,36.200001,244.570007,217.940002,127.239998,26.280001,9.53,148.130005,62.720001,57.810001,55.240002,88.68
8/29/17,4648.1338,54.310001,98.18,124.419998,137.490005,66.529999,36.240002,244.850006,218.589996,127.650002,26.4,9.46,148.729996,62.639999,58.060001,55.119999,88.599998
8/30/17,4630.7275,54.279999,99.370003,124.360001,138.369995,66.989998,36.5,246.009995,218.929993,127.610001,26.08,9.38,150.110001,62.669998,58.48,54.959999,89.239998
8/31/17,4764.8675,54.709999,100.519997,125.82,139.729996,67.480003,36.84,247.490005,219.520004,127.989998,26.84,9.63,151.220001,62.970001,58.830002,54.970001,89.660004
9/1/17,4950.7238,54.490002,100.470001,126.059998,140.520004,67.480003,36.919998,247.839996,219.919998,126.75,27.16,9.67,151.110001,63.580002,58.779999,54.799999,90.07
9/5/17,4422.1213,54.25,99.760002,127.459999,139.169998,67.080002,36.639999,246.059998,217.669998,128.759995,26.360001,9.92,149.830002,63.93,58.259998,54.939999,89.699997
9/6/17,4626.72,54.48,99.879997,126.809998,139.460007,67.190002,36.869999,246.899994,218.25,127.970001,26.68,10.04,150.059998,64.970001,58.310001,54.689999,90.260002
9/7/17,4638.0975,54.799999,100.400002,128.130005,139.110001,67.470001,37.18,246.869995,218.110001,129.279999,26.48,10.03,150.759995,65.089996,58.509998,55.099998,89.480003
9/8/17,4317.5375,54.970001,99.620003,127.970001,139.220001,67.220001,37.165001,246.580002,218.240005,129,25.76,9.73,149.559998,64.400002,58.029999,55.360001,89.169998
9/11/17,4188.845,55.220001,100.790001,126.190002,140.679993,67.849998,37.77,249.210007,220.759995,127.459999,26.16,9.82,151.800003,65.010002,58.849998,55.830002,89.639999
9/12/17,4148.2675,55.259998,101.199997,126.559998,141.539993,67.959999,38.009998,250.050003,221.419998,126.790001,26.639999,9.87,152.070007,65.410004,58.990002,54.900002,90.040001
9/13/17,3874.2588,55.150002,101.099998,125.610001,141.960007,67.980003,38,250.169998,221.759995,126.290001,27.08,10.07,151.789993,66.230003,58.91,54.630001,90.690002
9/14/17,3226.4125,55.16,100.82,126.160004,141.830002,67.760002,38.07,250.089996,222.320007,126.809998,27.280001,10.13,151.380005,66.550003,58.709999,55.09,90.199997
9/15/17,3686.9,55.240002,101.010002,125.529999,142.410004,67.889999,38.220001,249.190002,222.449997,126.860001,26.92,10.2,151.809998,65.839996,58.740002,54.75,89.629997
9/18/17,4067.0775,55.25,101.18,124.360001,143.380005,67.870003,38.57,249.720001,223.160004,126.129997,27.84,10.17,151.970001,66.120003,58.790001,54.189999,89.32
9/19/17,3896.9988,55.57,101.470001,124.620003,143.380005,67.949997,38.700001,249.970001,223.580002,125.82,27.639999,10.11,152.490005,66.389999,59.049999,54.080002,89.239998
9/20/17,3858.0888,55.59,101.519997,123.620003,143.839996,67.900002,38.700001,250.059998,223.899994,125.910004,27.4,10.24,151.729996,66.839996,58.810001,53.68,89.540001
9/21/17,3612.6813,55.369999,101.489998,122.68,143.690002,67.629997,38.41,249.389999,223.470001,125.839996,26.32,10.25,150.880005,66.860001,58.490002,53.669998,89.389999
9/22/17,3603.3088,55.43,101.620003,123.239998,144.300003,67.599998,38.439999,249.440002,223.199997,126.199997,26.24,10.24,151,67.199997,58.52,53.23,89.540001
9/25/17,3927.4988,55.549999,99.559998,124.529999,144.5,67,38.23,248.929993,222.820007,126.989998,26.040001,10.55,148.940002,68.169998,57.830002,53.720001,89.349998
9/26/17,3895.5125,55.549999,99.660004,123.139999,144.610001,66.959999,38.040001,249.080002,222.690002,126.760002,26.120001,10.49,149.429993,68.139999,58.040001,53.619999,89.360001
9/27/17,4208.5613,55.66,101.339996,121.980003,147.440002,67.370003,38.34,250.050003,223.119995,124.849998,26.639999,10.52,150.820007,68.43,58.630001,52.900002,89.849998
9/28/17,4185.2925,55.700001,101.540001,122.209999,147.830002,67.489998,38.470001,250.350006,223.600006,124.480003,26.32,10.43,151.039993,68.489998,58.700001,53.09,89.739998
9/29/17,4164.1038,55.709999,102.360001,121.580002,148.179993,67.82,38.68,251.229996,223.820007,124.760002,26.280001,10.43,151.990005,68.480003,59.099998,53.049999,90.080002
10/2/17,4404.0975,55.709999,102.739998,120.769997,150,67.910004,38.919998,252.320007,225.240005,124.279999,25.52,10.21,152.419998,68.459999,59.189999,53.139999,90.25
10/3/17,4320.09,56.040001,103.459999,120.830002,150.330002,68.010002,39.080002,252.860001,226.240005,124.400002,25.24,10.18,152.809998,68.389999,59.330002,52.990002,90.629997
10/4/17,4225.9238,56.049999,103.690002,121.169998,149.850006,68.120003,39.080002,253.160004,226.410004,124.410004,25.559999,10.08,152.720001,68.339996,59.290001,53.52,91.099998
10/5/17,4322.755,56.02,104.860001,120.519997,150.259995,68.639999,39.029999,254.660004,227.639999,123.940002,25.280001,10.25,154.160004,68.650002,59.860001,53.470001,91.610001
10/6/17,4370.245,55.990002,105.040001,121.089996,150.050003,68.699997,38.950001,254.369995,227.550003,123.589996,25,9.97,154.630005,68.07,59.950001,53.43,91.720001
10/9/17,4772.975,56.060001,104.860001,122.080002,149.429993,68.709999,39.029999,253.949997,227.529999,123.980003,24.68,10,154.970001,68.209999,60.099998,53.5,91.43
10/10/17,4754.6988,56.459999,104.370003,122.400002,149.860001,68.769997,39.240002,254.619995,228.259995,124.18,25.08,10.28,155.070007,68.269997,60.16,54.02,91.339996
10/11/17,4830.7663,56.75,104.949997,122.790001,149.75,69.010002,39.41,255.020004,228.610001,124.419998,25.24,10.36,155.699997,68.43,60.360001,54.25,91.389999
10/12/17,5439.1338,56.68,105.139999,122.889999,149.639999,69.019997,39.470001,254.639999,228.330002,124.949997,26,10.23,155.820007,68.18,60.209999,54.529999,90.779999
10/13/17,5640.1275,57.380001,105.440002,123.82,149.369995,69.139999,39.77,254.949997,228.729996,125.849998,26.040001,10.37,156.529999,68.139999,60.5,54.150002,91.220001
10/16/17,5754.2213,57.639999,105.160004,122.970001,149.240005,69.370003,39.759998,255.289993,229.449997,125.760002,25.76,10.46,156.949997,68.290001,60.720001,54.029999,91.339996
10/17/17,5595.235,57.580002,105.129997,122.129997,148.809998,69.419998,39.73,255.470001,229.850006,125.919998,25.559999,10.49,156.869995,68.330002,60.720001,54.349998,91.389999
10/18/17,5572.1988,57.52,105.25,121.669998,149.520004,69.459999,39.740002,255.720001,231.460007,125.089996,25.360001,10.48,157.410004,67.849998,60.869999,54.25,91.139999
10/19/17,5699.5838,57.389999,104.82,122.389999,149.289993,69.370003,39.5,255.789993,231.649994,125.309998,25.440001,10.35,156.889999,67.639999,60.689999,54.82,91.139999
10/20/17,5984.0863,57.52,105.550003,121.610001,149.979996,69.690002,39.700001,257.109985,233.130005,123.980003,25.48,10.43,157.940002,67.769997,61.099998,54.860001,91.360001
10/23/17,5895.2988,57.66,104.269997,121.800003,148.860001,69.300003,39.77,256.109985,232.649994,124.199997,25.76,10.42,157.369995,67.419998,60.810001,54.889999,90.739998
10/24/17,5518.85,58.139999,104.839996,121.330002,149.169998,69.389999,39.830002,256.559998,234.289993,123.43,25.879999,10.54,157.880005,67.550003,60.98,54.939999,90.959999
10/25/17,5733.9038,57.669998,104.360001,121.349998,148.449997,69.169998,39.619999,255.289993,233.160004,122.839996,25.4,10.48,157.300003,67.080002,60.650002,54.700001,90.610001
10/26/17,5888.145,57.98,105.129997,120.330002,148.759995,69.18,39.689999,255.619995,233.850006,122.43,25.040001,10.57,157.960007,67.220001,60.900002,54.709999,90.93
10/27/17,5767.68,58.419998,107.25,120.900002,149.789993,70.550003,40.139999,257.709991,234.169998,123.239998,24.440001,10.84,161.990005,67.339996,62.540001,55.049999,92.400002
10/30/17,6121.8,58.400002,107.019997,121.129997,148.210007,70.540001,40.099998,256.75,233.330002,124.419998,24.52,10.87,162.520004,67.690002,62.68,55.060001,91.980003
10/31/17,6447.6675,58.650002,107.43,120.669998,149.259995,70.68,40.669998,257.149994,233.630005,124.459999,23.92,10.93,163.229996,67.910004,62.950001,55.119999,91.989998
11/1/17,6750.1725,58.98,107.269997,121.110001,148.270004,70.669998,40.490002,257.48999,234.190002,124.75,23.879999,10.9,163.169998,68.68,62.959999,54.810001,92.019997
11/2/17,7030.0025,59.049999,106.889999,121.190002,148.710007,70.68,40.509998,257.589996,234.960007,125.300003,24.120001,10.99,163.289993,68.480003,62.990002,55.009998,91.330002
11/3/17,7161.4513,59.189999,107.389999,120.620003,148.610001,71.110001,40.709999,258.450012,235.179993,125.639999,24.48,11.18,164.589996,68.68,63.490002,55.209999,91.699997
11/6/17,6958.2113,59.18,107.650002,121.650002,148.779999,71.279999,40.98,258.850006,235.410004,126.110001,25.52,11.51,165.330002,70.25,63.630001,55,92.370003
11/7/17,7129.59,59.650002,106.75,121.209999,147,71.379997,40.959999,258.670013,235.419998,126.639999,25.879999,11.49,165.259995,70.160004,63.66,55.66,91.82
11/8/17,7444.36,60.02,107.18,121.629997,147.199997,71.599998,41.080002,259.109985,235.460007,126.360001,25.879999,11.41,166.220001,69.82,64.010002,55.700001,91.919998
11/9/17,7146.7813,59.52,105.989998,122.129997,146.679993,71.309998,40.619999,258.170013,234.720001,126,26.360001,11.46,164.740005,70.029999,63.5,55.77,92.059998
11/10/17,6570.3125,59.080002,106.190002,121.129997,146.570007,71.32,40.639999,258.089996,234.429993,124.099998,26.440001,11.42,164.800003,69.660004,63.5,55.509998,92.370003
11/13/17,6517.6763,58.82,106.379997,121.309998,146.610001,71.389999,40.490002,258.329987,234.660004,124.360001,25.84,11.38,164.770004,69.260002,63.48,56.169998,92.68
11/14/17,6598.7688,58.509998,106.68,121.559998,146.210007,71.309998,40.57,257.730011,234.279999,125.199997,25.32,11.13,164.479996,68.139999,63.349998,56.869999,92.760002
11/15/17,7279.0013,58.080002,106.050003,121.410004,145.630005,70.75,40.200001,256.440002,232.960007,126.559998,25.32,11.09,163.229996,67.370003,62.880001,56.380001,92.360001
11/16/17,7843.9375,58.98,107.970001,121.400002,147.770004,71.43,40.900002,258.619995,234.910004,125.459999,25.24,11.07,165.479996,67.099998,63.759998,56.200001,93.129997
11/17/17,7689.9088,58.689999,107.879997,122.860001,148.449997,71.160004,41,257.859985,233.389999,126.389999,25.6,11.35,164.639999,67.43,63.349998,55.810001,93.540001
11/20/17,8238.2025,58.98,108.400002,121.309998,149.529999,71.25,41.419998,258.299988,234.149994,126.339996,24.959999,11.28,165.220001,67.269997,63.59,55.639999,93.720001
11/21/17,8095.5938,59.52,109.75,121.510002,151.089996,71.980003,42.110001,259.98999,235.729996,126.739998,24.799999,11.4,167.25,67.419998,64.260002,55.790001,94.300003
11/22/17,8230.6925,59.560001,110.050003,122.629997,150.889999,71.940002,42.25,259.76001,235.169998,127.150002,24.4,11.6,166.809998,67.690002,64.139999,55.790001,94.389999
11/24/17,8201.4613,60.049999,111.010002,122.32,150.949997,72.25,42.59,260.359985,235.470001,126.800003,23.360001,11.79,167.770004,67.879997,64.5,55.880001,94.629997
11/27/17,9739.055,59.790001,110.900002,122.830002,150.490005,72.339996,42.360001,260.230011,235.729996,126.620003,24.120001,11.59,167.589996,67.190002,64.5,56.119999,94.699997
11/28/17,9908.2288,59.970001,111.260002,122.809998,152.860001,72.599998,42.540001,262.869995,238.339996,126.790001,24.92,11.58,168.009995,67.709999,64.709999,56.380001,95.75
11/29/17,9816.3475,59.849998,108.580002,122.040001,153.369995,72.029999,41.689999,262.709991,239.419998,125.540001,25.24,11.47,163.649994,68.080002,63.279999,56.41,96.160004
11/30/17,9916.5363,59.91,108.900002,121.099998,153.649994,72.690002,41.689999,265.01001,242.839996,125.120003,24.200001,11.47,165.009995,69.099998,63.84,56.599998,96.650002
12/1/17,10859.5625,59.639999,108.440002,121.589996,153.020004,72.470001,41.57,264.459991,242.449997,126.550003,24.4,11.67,164.100006,69.68,63.509998,56.41,96.610001
12/4/17,11616.855,59.009998,106.330002,121.18,152.449997,71.879997,40.790001,264.140015,243.110001,126.610001,23.68,11.49,160.910004,69.650002,62.490002,56.09,97.730003
12/5/17,11696.0583,59.16,106.709999,120.32,150.929993,71.849998,40.48,263.190002,242.009995,127.239998,23.200001,11.54,161.279999,69.349998,62.509998,55.380001,97.169998
12/6/17,13708.9913,58.939999,107.32,120.07,150.220001,72.07,40.27,263.23999,241.619995,127.68,23.120001,11.2,162.309998,68.449997,62.91,55.59,96.540001
12/7/17,16858.02,59.32,108.620003,118.489998,151.270004,72.400002,40.630001,264.070007,242.360001,126.68,22,11.33,163.479996,68.650002,63.299999,55.689999,96.790001
12/8/17,16057.145,59.599998,108.800003,118.480003,151.410004,72.760002,40.790001,265.51001,243.619995,126.690002,22.120001,11.49,164.100006,69.279999,63.599998,55.869999,97.25
12/11/17,16699.6775,59.799999,109.300003,118.010002,151.350006,73.080002,40.700001,266.309998,244.169998,126.43,22.24,11.6,165.410004,69.779999,64.150002,56.209999,97.459999
12/12/17,17178.1025,59.91,108.849998,118.150002,150.880005,73.150002,40.639999,266.779999,245.440002,126.379997,21.440001,11.44,164.990005,69.589996,64.129997,55.25,97.5
12/13/17,16407.2025,60.150002,109.32,119.169998,151.779999,73.239998,40.459999,266.75,246.300003,127.330002,21.440001,11.33,165.160004,69.489998,64.150002,55.400002,97.580002
12/14/17,16531.0838,59.869999,109.540001,118.93,150.100006,73.199997,40.27,265.660004,245.570007,127.870003,21.360001,11.43,164.570007,69.239998,64.07,55.330002,97.879997
12/15/17,17601.9438,59.900002,110.699997,119.18,152.240005,73.760002,40.389999,266.51001,246.25,128.350006,20.879999,11.46,166.460007,68.720001,64.559998,55.02,97.970001
12/18/17,18960.5225,60.619999,112.169998,119.730003,154.300003,74.230003,41.080002,268.200012,247.789993,127.18,21.68,11.44,168.029999,69.25,65.129997,54.41,98.849998
12/19/17,17608.35,59.610001,111.559998,119.82,153.080002,73.93,40.990002,267.170013,247.399994,125.529999,21.440001,11.51,167.139999,69.349998,64.730003,53.419998,98.720001
12/20/17,16454.7225,59.689999,110.919998,120.139999,153.380005,73.82,41.009998,267.029999,247.070007,124.139999,20.92,11.61,166.960007,70.330002,64.709999,53,98.529999
12/21/17,15561.05,59.73,110.699997,120.309998,153.470001,73.540001,41.25,267.579987,247.660004,124.599998,20.559999,11.64,166.539993,71.82,64.580002,52.369999,99.169998
12/22/17,13857.145,60.009998,110.209999,120.940002,153.190002,73.419998,41.349998,267.51001,247.399994,124.769997,21,11.66,166.339996,71.970001,64.540001,52.450001,98.980003
12/26/17,15745.2575,60.040001,110.089996,121.769997,153.279999,73.199997,41.279999,267.190002,247.25,125.139999,20.879999,11.95,165.179993,72.599998,64.110001,52.139999,99.199997
12/27/17,15378.285,59.959999,110.169998,122.230003,153.130005,73.419998,41.34,267.320007,247.479996,126.769997,21.559999,11.92,165.440002,72.360001,64.18,52.360001,99
12/28/17,14428.76,59.82,110.610001,122.849998,153.729996,73.470001,41.439999,267.869995,248.130005,126.660004,23.040001,11.97,165.589996,72.470001,64.290001,52.650002,99.269997
12/29/17,14427.87,59.93,109.879997,123.650002,152.460007,73.150002,41.32,266.859985,247.380005,126.860001,23.32,12.01,164.729996,72.260002,63.950001,52.68,98.690002
1/2/18,14740.7563,60.290001,111.07,125.150002,153.899994,73.889999,41.740002,268.769989,248.020004,125.489998,24.040001,12.07,166.979996,73.449997,64.739998,52.189999,100.190002
1/3/18,15134.6513,61.119999,112.639999,124.82,154.059998,74.519997,42.369999,270.470001,248.949997,126.089996,23.639999,12.34,168.720001,74.550003,65.279999,51.779999,100.650002
1/4/18,15155.2263,61.869999,112.919998,125.459999,154.470001,74.809998,43,271.609985,250.600006,126.07,22.68,12.37,169.690002,75,65.610001,51.349998,100.980003
1/5/18,16937.1738,62.040001,114.010002,125.330002,154.789993,75.550003,43.41,273.420013,252.720001,125.709999,22.08,12.31,171.5,74.970001,66.300003,51.330002,101.779999
1/8/18,14970.3575,62.400002,114.779999,125.309998,155.029999,75.660004,43.610001,273.920013,252.589996,125.629997,22.299999,12.38,172.320007,75.419998,66.550003,51.810001,101.900002
1/9/18,14439.4738,62.439999,114.489998,124.730003,154.820007,75.800003,43.700001,274.540009,253.820007,123.949997,23.299999,12.57,171.880005,75.230003,66.379997,51.299999,102.099998
1/10/18,14890.7225,62.84,114.220001,125.029999,154.839996,75.730003,43.52,274.119995,253.619995,123.800003,22.99,12.68,171.320007,75.139999,66.150002,50.740002,102.029999
1/11/18,13287.26,63.259998,115.400002,125.440002,157.5,76.230003,44.02,276.119995,255.610001,124.309998,24.4,12.7,172.440002,76.68,66.419998,50.549999,103.690002
1/12/18,13812.715,63.459999,116.43,126.959999,158.160004,76.699997,44.619999,277.920013,257.910004,124.519997,25.280001,12.87,173.429993,77.419998,66.809998,50.259998,105.029999
1/16/18,11348.02,63.459999,115.370003,127.169998,156.139999,76.480003,44.900002,276.970001,257.809998,125.040001,24.6,12.76,172.649994,76.440002,66.550003,50.150002,104.279999
1/17/18,11141.2488,63.970001,116.120003,126.139999,157.619995,77.339996,45.32,279.609985,261.079987,124.870003,25.6,12.78,175.289993,77.110001,67.550003,50.459999,104.779999
1/18/18,11250.6475,63.43,116.110001,125.860001,156.539993,77.300003,45.290001,279.140015,260.160004,123.709999,25.190001,12.76,175.639999,76.480003,67.669998,50.139999,104.690002
1/19/18,11514.925,63.830002,116.940002,126.419998,158.600006,77.690002,45.830002,280.410004,260.540009,123.059998,24.860001,12.72,176.009995,76.379997,67.800003,49.990002,105.599998
1/22/18,10772.15,64.099998,118.589996,126.650002,159.449997,78.32,46.02,282.690002,261.980011,123.18,24.85,12.78,177.369995,78.029999,68.459999,50.060001,106.769997
1/23/18,10839.8263,64.489998,120.150002,127.279999,159.960007,78.709999,46.16,283.290009,261.869995,123.709999,25.940001,12.97,178.449997,77.910004,68.760002,50.540001,107.669998
1/24/18,11399.52,64.510002,119.879997,128.830002,158.970001,78.459999,45.799999,283.179993,262.570007,123.040001,25.719999,13.22,176.860001,77.699997,68.230003,50.23,108.129997
1/25/18,11137.2375,64.199997,120.540001,127.970001,159.029999,78.470001,45.580002,283.299988,263.75,124.050003,26.17,13.06,176.399994,77.089996,68.110001,51.009998,107.940002
1/26/18,11090.0638,64.669998,122.419998,128.070007,159.600006,79.550003,46.119999,286.579987,265.910004,123.589996,26.77,13.24,179.190002,77.510002,69.190002,51.040001,109
1/29/18,11158.3938,64.120003,122.18,127.349998,158.699997,79.050003,45.720001,284.679993,264.160004,122.730003,26.84,13.11,177.710007,76.339996,68.559998,50.389999,108.699997
1/30/18,10034.9975,63.299999,121.690002,126.800003,157.179993,78.309998,45.150002,281.76001,260.619995,122.010002,26.77,12.9,175.929993,74.800003,67.940002,50.48,108.160004
1/31/18,10166.5063,62.939999,121.860001,127.650002,156.360001,78.550003,45.200001,281.899994,261.440002,122.730003,25.08,12.98,177.169998,74.849998,68.449997,51.040001,107.809998
2/1/18,9052.5763,63.25,121.800003,128.070007,156.850006,78.279999,45.419998,281.579987,261.619995,120.699997,24.35,13.24,177.039993,75.620003,68.510002,50.240002,106.610001
2/2/18,8827.63,62.32,119.730003,126.389999,153.830002,76.620003,44.32,275.450012,254.929993,119.580002,24.200001,13.04,172.059998,72.459999,66.480003,49.880001,105.589996
2/5/18,6914.26,59.369999,115.559998,126.709999,147.919998,73.43,42.029999,263.929993,243.270004,120.709999,23.24,12.77,165.330002,69.419998,63.700001,49.060001,102.029999
2/6/18,7700.3863,60.810001,118.080002,125.379997,149.690002,75.290001,42.740002,269.130005,248.960007,119.959999,23.299999,12.7,169.509995,69.970001,65.529999,48.330002,104.639999
2/7/18,7581.8038,60.27,118.150002,124.790001,149.839996,74.629997,42.509998,267.670013,248.759995,118.82,22.799999,12.37,167.610001,68.800003,64.690002,48.099998,104.32
2/8/18,8237.2363,58.48,114.440002,124.980003,145.440002,71.629997,40.599998,257.630005,238.669998,118.690002,22.74,12.09,160.710007,66.720001,62.009998,47.560001,100.160004
2/9/18,8689.8388,59.07,115.389999,124.769997,146.770004,72.860001,40.98,261.5,242.029999,117.940002,22.030001,11.86,164.589996,66.669998,63.529999,48.560001,100.830002
2/12/18,8891.2125,60.220001,117.160004,125.370003,148.160004,74.059998,41.73,265.339996,246.169998,118.459999,21.67,11.89,167.529999,67.760002,64.669998,48.93,102.199997
2/13/18,8516.2438,59.48,118.050003,126.080002,148.479996,74.300003,41.450001,266,246.570007,118.989998,22,11.87,168.050003,67.480003,64.830002,49.150002,102.730003
2/14/18,9477.84,60.380001,120.82,128.229996,151.149994,75.360001,42.259998,269.589996,249.300003,117.669998,21.99,12.18,171.479996,68.459999,66.019997,48.599998,104.370003
2/15/18,10016.4888,60.669998,122.849998,128.380005,152.800003,76.480003,42.869999,273.029999,252.5,118.07,21.870001,12.33,174.789993,68.290001,67.279999,49.68,105.300003
2/16/18,10178.7125,61.599998,121.989998,127.959999,153.339996,76.410004,42.869999,273.109985,251.960007,118.709999,21.690001,12.38,174.350006,68.120003,67.18,50.119999,104.790001
2/20/18,11228.2413,61.099998,122,126.239998,152.080002,76.080002,42.549999,271.399994,249.350006,118.190002,22.18,12.39,174.779999,67.75,67.239998,49.470001,104.470001
2/21/18,10456.1725,60.490002,121.730003,125.660004,152.240005,75.940002,42.650002,270.049988,247.720001,116.739998,22.299999,12.29,173.910004,66.610001,66.809998,48.82,104.32
2/22/18,9830.4263,60.77,121.150002,126.300003,152,76.050003,42.84,270.399994,249.490005,117.089996,22.139999,12.59,173.970001,67.339996,66.889999,49.07,104.449997
2/23/18,10149.4625,61.66,123.300003,126.139999,153.979996,77.260002,43.23,274.709991,252.910004,118.129997,22.219999,12.77,177.509995,68.800003,68.290001,50.349998,105.910004
2/26/18,10313.0825,62.459999,124.480003,126.449997,154.990005,78.279999,43.66,277.899994,256.920013,118.169998,22.389999,12.86,180.160004,69.209999,69.360001,50.200001,106.800003
2/27/18,10564.4188,61.610001,123.230003,125.129997,152.759995,77.290001,43.110001,274.429993,253.960007,118,22.389999,12.65,178.509995,68.309998,68.660004,49.400002,104.540001
2/28/18,10309.6413,61.07,123.110001,125,150.350006,76.559998,42.619999,271.649994,250.199997,118.75,22.26,12.37,177.339996,66.739998,68.169998,49.060001,104.07
3/1/18,10907.59,59.299999,121.699997,124.720001,149.949997,75.400002,41.68,267.700012,245.979996,119.32,22.450001,12.35,174.550003,66.639999,67.040001,49.07,102.949997
3/2/18,11019.5213,59.970001,123.800003,125.389999,152.350006,75.730003,42.200001,269.079987,245.350006,118.349998,22.58,12.37,176.5,66.949997,67.68,48.939999,103.050003
3/5/18,11432.9825,60.240002,126.040001,125.18,153.710007,76.599998,42.52,272.190002,248.839996,118.029999,22.530001,12.59,178.309998,67.660004,68.370003,49.939999,104.279999
3/6/18,10709.5275,60.610001,127,126.529999,155.369995,76.720001,42.98,272.880005,248.839996,118.139999,22.950001,12.57,178.910004,67.699997,68.519997,49.27,105
3/7/18,9906.8,60.099998,128.559998,125.720001,156.740005,76.849998,42.91,272.779999,248.110001,118.010002,23.219999,12.35,180.039993,67.190002,68.900002,48.900002,104.290001
3/8/18,9299.2838,60.470001,128.889999,125.419998,156.419998,77.300003,43.099998,274.100006,249.139999,118.690002,22.92,12.15,180.740005,67.169998,69.199997,49.259998,104.620003
3/9/18,9237.05,60.619999,131.020004,125.540001,158.919998,78.629997,43.66,278.869995,253.559998,117.910004,22.74,12.47,184.309998,68.449997,70.510002,49.400002,106.239998
3/12/18,9118.2713,60.68,131.25,125.540001,159.199997,78.639999,43.959999,278.519989,251.960007,118.589996,23.209999,12.37,184.960007,68.43,70.730003,49.610001,106.589996
3/13/18,9144.1475,60.580002,129.199997,125.779999,158.460007,78.040001,43.619999,276.720001,250.220001,119.190002,23.24,12.24,182.720001,67.940002,69.919998,49.720001,105.839996
3/14/18,8196.8975,60.84,130.899994,125.699997,157.710007,77.730003,43.709999,275.299988,247.880005,120.239998,22.82,12.28,182.759995,67.540001,69.860001,50.23,105.709999
3/15/18,8256.9938,60.959999,130.380005,124.900002,156.919998,77.82,43.77,275,249,120.239998,22.4,12.34,182.800003,67.190002,69.900002,50.200001,105.599998
3/16/18,8269.3275,60.689999,129.869995,124.599998,157.800003,77.650002,43.400002,274.200012,249.100006,119.809998,22.48,12.55,182.210007,67.309998,69.610001,50.25,105.18
3/19/18,8594.1913,59.66,126.910004,124.870003,156.279999,76.43,42.759998,270.48999,245.910004,119.43,22.129999,12.55,178.630005,66.269997,68.230003,49.939999,103.870003
3/20/18,8915.9038,60,127.160004,124.309998,156.240005,76.650002,42.720001,270.950012,247.100006,118.949997,22.290001,12.81,178.809998,66.830002,68.199997,49.709999,104.489998
3/21/18,8895.4,60.080002,127.370003,126.480003,157.149994,76.25,42.939999,270.429993,246.619995,119.080002,22.059999,13.18,178.029999,68.580002,67.790001,49.540001,104.410004
3/22/18,8712.8913,59.529999,124.029999,125.980003,153.350006,74.029999,41.950001,263.670013,239.360001,120.260002,21.879999,12.95,173.25,67.18,66.040001,49.759998,102.190002
3/23/18,8918.7438,58.279999,120.800003,127.610001,150.050003,72.510002,40.93,258.049988,235.130005,120.169998,21.68,13.28,168.630005,66.769997,64.279999,49.060001,100.18
3/26/18,8138.3363,59.110001,124.419998,128.279999,153.330002,74.699997,41.919998,265.109985,241.820007,119.709999,22.030001,13.21,175.029999,67.970001,66.720001,49.57,103.139999
3/27/18,7790.1575,59.25,119.599998,127.489998,150.360001,72.809998,41.389999,260.600006,238.289993,120.989998,22.360001,13.08,169.089996,67.330002,64.580002,50.279999,101.120003
3/28/18,7106.620117,59.919998,117.779999,125.730003,150.309998,72.510002,41.09,259.829987,238.279999,121.309998,22.299999,13.04,167.419998,66.019997,64.150002,50.259998,99.889999
3/29/18,6853.759766,60.68,120.5,125.790001,151.830002,73.769997,41.82,263.149994,241.399994,121.900002,22.549999,13.09,171,67.410004,65.419998,50.529999,101.290001
4/2/18,7434.299805,59.459999,117.230003,127.260002,148.130005,71.93,40.990002,257.470001,236.149994,121.879997,22.040001,12.74,166.880005,66.059998,63.860001,50.139999,98.43
4/3/18,6815.5,60.209999,117.889999,126.300003,150.25,72.860001,41.32,260.769989,240.149994,120.940002,22.23,12.81,168.389999,67.470001,64.489998,50.310001,99.68
4/4/18,6790.450195,60.27,119.370003,126.449997,152.160004,73.800003,41.119999,263.559998,242.460007,120.690002,22.33,12.82,170.619995,67.379997,65.389999,50.419998,101.510002
4/5/18,6634.859863,60.57,120.800003,125.800003,153.419998,74.43,41.310001,265.640015,244.910004,119.790001,22.09,12.83,171.339996,68.589996,65.660004,50.82,102.870003
4/6/18,6917.200195,59.619999,118.290001,126.389999,150.360001,72.730003,40.459999,259.720001,239.130005,121.099998,22.24,12.51,167.199997,67.349998,64.050003,50.419998,100.68
4/9/18,6871.069824,60.150002,118.669998,126.82,150.539993,72.900002,40.48,261,239.729996,121.300003,22.25,12.77,168.339996,67.669998,64.550003,50.52,100.440002
4/10/18,6977.129883,60.48,121.400002,127.120003,153.380005,74.230003,41.389999,265.149994,244.009995,121.080002,21.940001,13.25,172.479996,69.910004,66.139999,50.130001,101.660004
4/11/18,7927.72998,60.330002,121.440002,128.110001,153.710007,73.769997,41.57,263.76001,241.880005,121.510002,22.02,13.45,171.770004,70.639999,65.75,50.060001,101.349998
4/12/18,7899.109863,60.23,122.510002,126.620003,154.759995,74.470001,41.790001,265.929993,244.809998,120.620003,22.190001,13.52,173.910004,70.629997,66.540001,49.400002,101.790001
4/13/18,8022.509766,60.23,121.639999,127.449997,153.949997,74.290001,41.869999,265.149994,243.580002,120.900002,22.57,13.55,173.220001,71.410004,66.32,49.790001,101.220001
4/16/18,7921.629883,60.400002,122.32,127.629997,155.369995,74.940002,42.07,267.329987,245.619995,120.940002,22.690001,13.38,174.419998,72.139999,66.830002,50.470001,101.980003
4/17/18,8189.959961,60.630001,126.43,127.75,157.059998,76.160004,42.459999,270.190002,247.800003,121.269997,22.6,13.41,178.039993,72.419998,68.07,50.98,103.879997
4/18/18,8301.820313,61.040001,126.669998,127.849998,157.479996,76.209999,42.849998,270.390015,247.380005,120.300003,22.610001,13.88,177.740005,73.559998,67.889999,50.790001,104.370003
4/19/18,8877.080078,60.810001,126.900002,127.599998,156.389999,75.599998,42.529999,268.890015,246.570007,119.32,22.09,13.77,175.649994,73.650002,67.139999,50.759998,104.040001
4/20/18,8935.719727,60.689999,125.839996,126.629997,155.550003,74.650002,42.220001,266.609985,244.479996,118.459999,22.559999,13.75,173.190002,73.300003,66.209999,50.299999,102.980003
4/23/18,9655.769531,60.610001,125.379997,125.620003,155.320007,74.620003,41.709999,266.570007,244.350006,118.489998,22.620001,13.92,172.470001,73.75,65.970001,50.330002,103.199997
4/24/18,8873.620117,60.389999,122.18,126.230003,154.429993,73.129997,41.209999,262.980011,240.089996,117.949997,22.91,13.68,169.210007,72.959999,64.82,50.669998,101.57
4/25/18,9282.120117,60.580002,121.269997,125.410004,154.199997,73.150002,40.75,263.630005,240.699997,117.160004,22.93,13.72,168.940002,73.540001,64.830002,50.68,101.989998
4/26/18,8938.469727,60.950001,123.989998,124.970001,154.910004,74.540001,40.84,266.309998,243.119995,117.980003,23.049999,13.77,172.369995,74.610001,66.010002,51.189999,103.639999
4/27/18,9351.469727,60.779999,123.959999,125.5,154.690002,74.660004,40.450001,266.559998,242.949997,118.889999,22.6,13.73,171.639999,73.82,65.889999,51.709999,104.110001
4/28/18,9248.45,60.639999,123.839996,124.589996,153.300003,74.099998,40.259998,264.529999,241.539993,,22.559999,13.8,170.960007,73.82,65.459999,51.549999,103.699997